Record_Datetime,MMSI,Longitude,Latitude,Heading,Speed
2016-09-01 07:08:36,413440190,118.137,38.915,306,11.3
2016-09-01 07:58:17,413440190,117.979,38.949,289,1.9
2016-09-01 08:13:16,413440190,117.969,38.95,289,1.7
2016-09-01 08:13:36,413440190,117.969,38.95,289,1.7
2016-09-01 08:16:36,413440190,117.96700000000001,38.95,290,1.7
2016-09-01 08:16:41,413440190,117.96700000000001,38.95,290,1.7
2016-09-01 08:16:56,413440190,117.96700000000001,38.95,290,1.7
2016-09-01 08:17:35,413440190,117.96700000000001,38.95,290,1.7
2016-09-01 08:17:56,413440190,117.96600000000001,38.95,290,1.7
2016-09-01 08:34:19,413440190,117.95700000000001,38.951,295,1.7
2016-09-01 08:35:57,413440190,117.956,38.951,317,1.1
2016-09-01 08:49:37,413440190,117.92299999999999,38.954,280,10.6
2016-09-01 08:49:40,413440190,117.92299999999999,38.954,280,10.5
2016-09-01 08:50:56,413440190,117.91799999999999,38.954,277,10.6
2016-09-01 08:51:01,413440190,117.91799999999999,38.954,277,10.5
2016-09-01 08:51:17,413440190,117.917,38.954,278,10.4
2016-09-01 08:52:56,413440190,117.911,38.955,278,10.6
2016-09-01 08:52:58,413440190,117.911,38.955,278,10.5
2016-09-01 08:53:56,413440190,117.90700000000001,38.955,280,10.7
2016-09-01 08:58:36,413440190,117.889,38.958,282,11.0
2016-09-01 08:58:57,413440190,117.88799999999999,38.959,281,11.1
2016-09-01 08:59:57,413440190,117.884,38.959,280,11.4
2016-09-01 09:00:01,413440190,117.884,38.959,280,11.4
2016-09-01 09:00:17,413440190,117.883,38.96,281,11.6
2016-09-01 09:00:36,413440190,117.882,38.96,281,11.7
2016-09-01 09:01:17,413440190,117.87899999999999,38.96,282,11.7
2016-09-01 09:01:36,413440190,117.87700000000001,38.96,282,11.4
2016-09-01 09:01:56,413440190,117.876,38.961,282,11.1
2016-09-01 09:02:17,413440190,117.875,38.961,282,11.1
2016-09-01 09:02:36,413440190,117.874,38.961,281,11.1
2016-09-01 09:02:56,413440190,117.87200000000001,38.961,281,11.1
2016-09-01 09:03:36,413440190,117.87,38.961999999999996,281,11.0
2016-09-01 09:03:56,413440190,117.868,38.961999999999996,281,11.0
2016-09-01 09:04:37,413440190,117.866,38.961999999999996,281,11.0
2016-09-01 09:04:42,413440190,117.866,38.961999999999996,281,11.0
2016-09-01 09:04:56,413440190,117.865,38.961999999999996,282,11.0
2016-09-01 09:05:16,413440190,117.863,38.963,281,11.1
2016-09-01 09:06:16,413440190,117.859,38.963,282,11.0
2016-09-01 09:06:20,413440190,117.859,38.963,282,11.0
2016-09-01 09:06:56,413440190,117.85700000000001,38.964,281,11.0
2016-09-01 09:07:16,413440190,117.85600000000001,38.964,281,10.9
2016-09-01 09:07:37,413440190,117.854,38.964,282,11.0
2016-09-01 09:17:56,413440190,117.815,38.968,278,11.0
2016-09-01 09:29:56,413440190,117.76799999999999,38.974000000000004,283,10.1
2016-09-01 09:36:03,413440190,117.75200000000001,38.978,296,6.5
2016-09-01 13:08:59,413440190,117.728,38.983000000000004,24,0.1
2016-09-02 00:25:54,413440190,117.728,38.983000000000004,23,0.1
2016-09-02 00:26:13,413440190,117.728,38.983000000000004,22,0.1
2016-09-02 00:26:34,413440190,117.728,38.983000000000004,22,0.1
2016-09-02 00:26:54,413440190,117.728,38.983000000000004,23,0.1
2016-09-02 00:27:13,413440190,117.728,38.983000000000004,24,0.1
2016-09-02 00:27:34,413440190,117.728,38.983000000000004,23,0.1
2016-09-02 00:28:54,413440190,117.728,38.983000000000004,22,0.1
2016-09-02 00:29:13,413440190,117.728,38.983000000000004,23,0.1
2016-09-02 00:29:54,413440190,117.728,38.983000000000004,24,0.1
2016-09-02 00:30:13,413440190,117.728,38.983000000000004,23,0.1
2016-09-02 00:30:34,413440190,117.728,38.983000000000004,22,0.2
2016-09-02 00:30:54,413440190,117.728,38.983000000000004,22,0.3
2016-09-02 00:31:13,413440190,117.728,38.983000000000004,21,0.4
2016-09-02 00:31:34,413440190,117.728,38.983000000000004,19,0.3
2016-09-02 00:31:43,413440190,117.728,38.983000000000004,20,0.4
2016-09-02 00:31:54,413440190,117.728,38.983000000000004,19,0.2
2016-09-02 00:32:34,413440190,117.728,38.983000000000004,17,0.8
2016-09-02 00:32:36,413440190,117.728,38.983000000000004,17,0.8
2016-09-02 00:32:54,413440190,117.728,38.983000000000004,17,0.9
2016-09-02 00:33:13,413440190,117.728,38.983000000000004,18,0.9
2016-09-02 00:33:34,413440190,117.728,38.983000000000004,19,0.8
2016-09-02 00:33:35,413440190,117.728,38.983000000000004,19,0.8
2016-09-02 00:33:53,413440190,117.728,38.983000000000004,19,0.8
2016-09-02 00:34:13,413440190,117.728,38.983000000000004,19,0.7
2016-09-02 00:34:34,413440190,117.728,38.983000000000004,16,0.6
2016-09-02 00:34:37,413440190,117.728,38.983000000000004,16,0.6
2016-09-02 00:34:53,413440190,117.728,38.983000000000004,14,0.5
2016-09-02 00:35:14,413440190,117.728,38.982,14,0.4
2016-09-02 00:35:34,413440190,117.728,38.983000000000004,16,0.4
2016-09-02 00:35:35,413440190,117.728,38.983000000000004,16,0.4
2016-09-02 00:36:14,413440190,117.728,38.982,20,0.2
2016-09-02 00:36:34,413440190,117.728,38.982,19,0.2
2016-09-02 00:36:53,413440190,117.728,38.982,17,0.2
2016-09-02 00:37:14,413440190,117.728,38.983000000000004,20,0.3
2016-09-02 00:37:34,413440190,117.728,38.983000000000004,22,0.2
2016-09-02 00:37:53,413440190,117.728,38.982,23,0.3
2016-09-02 00:38:14,413440190,117.728,38.982,23,0.1
2016-09-02 00:39:14,413440190,117.728,38.982,23,0.1
2016-09-02 00:39:33,413440190,117.728,38.982,24,0.1
2016-09-02 00:39:54,413440190,117.728,38.982,23,0.1
2016-09-02 00:40:14,413440190,117.728,38.982,23,0.1
2016-09-02 00:41:14,413440190,117.728,38.982,22,0.1
2016-09-02 03:39:58,413440190,117.728,38.982,24,0.2
2016-09-02 03:40:18,413440190,117.728,38.982,23,0.4
2016-09-02 03:40:39,413440190,117.728,38.983000000000004,22,0.3
2016-09-02 03:40:58,413440190,117.728,38.983000000000004,22,0.8
2016-09-02 03:41:01,413440190,117.728,38.983000000000004,22,0.8
2016-09-02 03:41:39,413440190,117.728,38.983000000000004,22,1.6
2016-09-02 03:41:58,413440190,117.728,38.983000000000004,22,1.7
2016-09-02 03:42:00,413440190,117.728,38.983000000000004,22,1.7
2016-09-02 03:42:18,413440190,117.728,38.983000000000004,23,1.6
2016-09-02 03:42:39,413440190,117.728,38.983000000000004,26,1.5
2016-09-02 03:42:58,413440190,117.728,38.983000000000004,25,1.5
2016-09-02 03:43:39,413440190,117.728,38.984,25,1.6
2016-09-02 03:43:58,413440190,117.728,38.984,40,1.8
2016-09-02 03:44:18,413440190,117.729,38.984,60,2.4
2016-09-02 03:44:58,413440190,117.729,38.984,72,3.6
2016-09-02 03:45:18,413440190,117.73,38.984,76,3.9
2016-09-02 03:45:39,413440190,117.73,38.984,79,4.0
2016-09-02 03:45:58,413440190,117.73100000000001,38.984,78,4.2
2016-09-02 03:46:18,413440190,117.73100000000001,38.985,79,4.3
2016-09-02 03:46:22,413440190,117.73100000000001,38.985,78,4.2
2016-09-02 03:46:39,413440190,117.73200000000001,38.985,84,4.5
2016-09-02 03:46:58,413440190,117.73200000000001,38.985,90,4.9
2016-09-02 03:47:18,413440190,117.73299999999999,38.985,101,5.4
2016-09-02 03:47:22,413440190,117.73299999999999,38.985,101,5.4
2016-09-02 03:47:39,413440190,117.734,38.984,117,5.8
2016-09-02 03:47:58,413440190,117.734,38.984,124,6.0
2016-09-02 03:48:18,413440190,117.735,38.984,116,6.3
2016-09-02 03:48:39,413440190,117.736,38.984,111,6.5
2016-09-02 03:48:42,413440190,117.736,38.984,111,6.5
2016-09-02 03:48:58,413440190,117.736,38.983000000000004,109,6.6
2016-09-02 03:49:39,413440190,117.738,38.983000000000004,109,6.5
2016-09-02 03:49:59,413440190,117.73899999999999,38.983000000000004,110,6.4
2016-09-02 03:50:18,413440190,117.73899999999999,38.982,110,6.4
2016-09-02 03:50:39,413440190,117.74,38.982,113,6.4
2016-09-02 03:50:59,413440190,117.741,38.982,113,6.3
2016-09-02 03:51:18,413440190,117.741,38.982,113,6.4
2016-09-02 03:51:39,413440190,117.742,38.981,113,6.6
2016-09-02 03:51:59,413440190,117.743,38.981,112,6.9
2016-09-02 03:52:18,413440190,117.744,38.981,110,7.1
2016-09-02 03:52:39,413440190,117.744,38.981,110,7.3
2016-09-02 03:52:59,413440190,117.745,38.98,109,7.4
2016-09-02 03:53:02,413440190,117.745,38.98,109,7.4
2016-09-02 03:53:39,413440190,117.74700000000001,38.98,109,7.5
2016-09-02 03:53:59,413440190,117.74799999999999,38.98,110,7.5
2016-09-02 03:54:02,413440190,117.74799999999999,38.98,110,7.4
2016-09-02 03:54:18,413440190,117.749,38.979,110,7.5
2016-09-02 03:54:39,413440190,117.749,38.979,110,7.6
2016-09-02 03:54:59,413440190,117.75,38.979,109,7.6
2016-09-02 03:55:03,413440190,117.75,38.979,109,7.6
2016-09-02 03:55:18,413440190,117.751,38.979,109,7.6
2016-09-02 03:55:37,413440190,117.75200000000001,38.978,109,7.7
2016-09-02 03:55:59,413440190,117.75299999999999,38.978,110,7.7
2016-09-02 03:56:03,413440190,117.75299999999999,38.978,110,7.6
2016-09-02 03:56:18,413440190,117.75399999999999,38.978,110,7.7
2016-09-02 03:56:37,413440190,117.75399999999999,38.978,110,7.8
2016-09-02 03:56:58,413440190,117.755,38.977,113,8.2
2016-09-02 03:57:02,413440190,117.755,38.977,113,8.1
2016-09-02 03:57:37,413440190,117.757,38.977,115,9.0
2016-09-02 03:57:58,413440190,117.758,38.976,114,9.2
2016-09-02 03:58:02,413440190,117.758,38.976,114,9.2
2016-09-02 03:58:18,413440190,117.759,38.976,109,9.6
2016-09-02 03:58:37,413440190,117.76,38.976,109,10.0
2016-09-02 03:59:37,413440190,117.764,38.974000000000004,107,10.9
2016-09-02 03:59:38,413440190,117.76299999999999,38.975,108,10.8
2016-09-02 03:59:58,413440190,117.765,38.974000000000004,105,11.0
2016-09-02 04:00:18,413440190,117.766,38.974000000000004,105,11.0
2016-09-02 04:00:37,413440190,117.76799999999999,38.973,103,11.1
2016-09-02 04:00:58,413440190,117.76899999999999,38.973,102,11.1
2016-09-02 04:01:18,413440190,117.77,38.973,101,11.1
2016-09-02 04:01:37,413440190,117.771,38.973,101,11.1
2016-09-02 04:01:41,413440190,117.771,38.973,101,11.0
2016-09-02 04:02:18,413440190,117.774,38.972,101,11.1
2016-09-02 04:02:38,413440190,117.775,38.972,101,11.2
2016-09-02 04:02:59,413440190,117.777,38.972,100,11.2
2016-09-02 04:03:59,413440190,117.781,38.971,100,11.2
2016-09-02 04:04:18,413440190,117.78200000000001,38.971,101,11.1
2016-09-02 04:04:38,413440190,117.78299999999999,38.971,101,11.1
2016-09-02 04:04:59,413440190,117.78399999999999,38.97,101,11.2
2016-09-02 04:05:18,413440190,117.786,38.97,100,11.2
2016-09-02 04:05:59,413440190,117.788,38.97,99,11.2
2016-09-02 04:06:18,413440190,117.79,38.969,98,11.2
2016-09-02 04:06:38,413440190,117.791,38.969,98,11.2
2016-09-02 04:06:59,413440190,117.792,38.969,98,11.2
2016-09-02 04:07:19,413440190,117.794,38.969,97,11.2
2016-09-02 04:07:38,413440190,117.795,38.969,97,11.2
2016-09-02 04:07:57,413440190,117.796,38.969,98,11.2
2016-09-02 04:08:19,413440190,117.79799999999999,38.968,98,11.2
2016-09-02 04:09:19,413440190,117.802,38.968,98,11.2
2016-09-02 04:10:19,413440190,117.805,38.967,100,11.1
2016-09-02 04:10:38,413440190,117.807,38.967,99,11.1
2016-09-02 04:12:19,413440190,117.81299999999999,38.965,116,11.2
2016-09-02 04:12:38,413440190,117.814,38.965,116,11.2
2016-09-02 04:13:38,413440190,117.818,38.964,114,11.2
2016-09-02 04:13:42,413440190,117.818,38.964,114,11.2
2016-09-02 04:13:57,413440190,117.819,38.963,114,11.2
2016-09-02 04:14:38,413440190,117.821,38.961999999999996,105,11.1
2016-09-02 04:14:57,413440190,117.823,38.961999999999996,104,11.2
2016-09-02 04:15:38,413440190,117.825,38.961,102,11.3
2016-09-02 04:16:19,413440190,117.82799999999999,38.961,102,11.3
2016-09-02 04:17:19,413440190,117.83200000000001,38.96,98,11.3
2016-09-02 04:17:38,413440190,117.833,38.96,98,11.3
2016-09-02 04:17:58,413440190,117.834,38.96,98,11.3
2016-09-02 04:18:19,413440190,117.836,38.96,98,11.3
2016-09-02 04:19:38,413440190,117.84100000000001,38.959,98,11.3
2016-09-02 04:19:40,413440190,117.84100000000001,38.959,98,11.2
2016-09-02 04:20:58,413440190,117.846,38.959,98,11.2
2016-09-02 04:22:18,413440190,117.851,38.958,99,11.4
2016-09-02 04:24:38,413440190,117.861,38.955999999999996,102,11.3
2016-09-02 04:24:42,413440190,117.861,38.955999999999996,102,11.2
2016-09-02 04:25:18,413440190,117.86399999999999,38.955999999999996,102,11.1
2016-09-02 04:25:38,413440190,117.865,38.955999999999996,102,11.0
2016-09-02 04:25:41,413440190,117.865,38.955999999999996,102,11.0
2016-09-02 04:28:24,413440190,117.875,38.954,99,11.0
2016-09-02 04:33:56,413440190,117.897,38.951,99,10.5
2016-09-02 04:40:45,413440190,117.921,38.948,102,10.1
2016-09-02 05:19:59,413440190,118.057,38.923,107,10.0
2016-09-02 05:49:18,413440190,118.145,38.888000000000005,118,9.7
2016-09-09 05:06:11,413440190,118.167,38.9,300,10.5
2016-09-09 05:25:33,413440190,118.101,38.929,290,10.6
2016-09-09 05:43:52,413440190,118.04,38.939,276,10.5
2016-09-09 06:13:43,413440190,117.921,38.954,279,11.0
2016-09-09 06:13:46,413440190,117.921,38.954,279,11.0
2016-09-09 06:17:03,413440190,117.90799999999999,38.955999999999996,279,11.0
2016-09-09 06:17:06,413440190,117.90799999999999,38.955999999999996,279,11.0
2016-09-09 06:20:03,413440190,117.896,38.957,277,10.9
2016-09-09 06:20:07,413440190,117.896,38.957,277,10.8
2016-09-09 06:20:22,413440190,117.895,38.958,278,11.0
2016-09-09 06:28:23,413440190,117.86399999999999,38.961999999999996,282,11.1
2016-09-09 06:28:27,413440190,117.86399999999999,38.961999999999996,282,11.0
2016-09-09 06:28:43,413440190,117.86200000000001,38.963,282,11.1
2016-09-09 06:29:23,413440190,117.86,38.963,283,11.1
2016-09-09 06:29:43,413440190,117.859,38.963,283,11.1
2016-09-09 06:29:45,413440190,117.859,38.963,283,11.0
2016-09-09 06:30:01,413440190,117.85700000000001,38.964,283,11.1
2016-09-09 06:30:22,413440190,117.85600000000001,38.964,283,11.1
2016-09-09 06:30:43,413440190,117.855,38.964,282,11.1
2016-09-09 06:30:47,413440190,117.855,38.964,282,11.0
2016-09-09 06:31:01,413440190,117.854,38.964,282,11.1
2016-09-09 06:31:22,413440190,117.852,38.964,282,11.1
2016-09-09 06:31:43,413440190,117.851,38.965,281,11.1
2016-09-09 06:32:22,413440190,117.848,38.965,282,11.1
2016-09-09 06:32:26,413440190,117.848,38.965,282,11.0
2016-09-09 06:34:43,413440190,117.839,38.967,280,11.1
2016-09-09 06:34:48,413440190,117.839,38.967,280,11.0
2016-09-09 06:35:43,413440190,117.835,38.967,274,11.0
2016-09-09 06:36:22,413440190,117.833,38.967,275,11.1
2016-09-09 06:36:43,413440190,117.831,38.967,269,11.0
2016-09-09 06:36:47,413440190,117.831,38.967,269,11.0
2016-09-09 06:38:43,413440190,117.824,38.967,270,11.1
2016-09-09 06:38:45,413440190,117.824,38.967,270,11.0
2016-09-09 06:39:02,413440190,117.822,38.967,270,11.1
2016-09-09 06:39:22,413440190,117.821,38.967,275,11.1
2016-09-09 06:39:43,413440190,117.82,38.967,276,11.1
2016-09-09 06:40:02,413440190,117.818,38.967,278,11.1
2016-09-09 06:40:07,413440190,117.818,38.967,278,11.0
2016-09-09 06:40:22,413440190,117.81700000000001,38.968,278,11.1
2016-09-09 06:41:02,413440190,117.814,38.968,279,11.1
2016-09-09 06:43:21,413440190,117.805,38.969,280,11.3
2016-09-09 06:43:43,413440190,117.804,38.969,280,11.3
2016-09-09 06:44:21,413440190,117.801,38.97,280,11.2
2016-09-09 06:44:43,413440190,117.8,38.97,280,11.2
2016-09-09 06:44:47,413440190,117.8,38.97,280,11.2
2016-09-09 06:45:21,413440190,117.79700000000001,38.97,280,11.3
2016-09-09 06:45:41,413440190,117.796,38.971,280,11.3
2016-09-09 06:45:46,413440190,117.796,38.971,280,11.2
2016-09-09 06:46:21,413440190,117.79299999999999,38.971,279,11.2
2016-09-09 06:46:41,413440190,117.792,38.971,276,11.2
2016-09-09 06:47:21,413440190,117.789,38.971,276,11.1
2016-09-09 06:47:24,413440190,117.789,38.971,276,11.0
2016-09-09 06:47:41,413440190,117.788,38.971,276,11.2
2016-09-09 06:48:21,413440190,117.786,38.972,276,11.2
2016-09-09 06:48:26,413440190,117.786,38.972,276,11.2
2016-09-09 06:48:41,413440190,117.78399999999999,38.972,277,11.2
2016-09-09 06:49:03,413440190,117.78299999999999,38.972,277,11.2
2016-09-09 06:49:21,413440190,117.78200000000001,38.972,278,11.2
2016-09-09 06:49:41,413440190,117.78,38.972,277,11.2
2016-09-09 06:50:03,413440190,117.779,38.972,279,11.2
2016-09-09 06:50:23,413440190,117.777,38.973,281,11.2
2016-09-09 06:51:03,413440190,117.775,38.973,282,9.9
2016-09-09 06:51:23,413440190,117.774,38.973,282,9.1
2016-09-09 06:51:27,413440190,117.774,38.973,282,9.0
2016-09-09 06:52:43,413440190,117.77,38.974000000000004,282,7.1
2016-09-09 06:52:47,413440190,117.77,38.974000000000004,282,7.1
2016-09-09 06:53:02,413440190,117.77,38.974000000000004,282,6.9
2016-09-09 06:53:23,413440190,117.76899999999999,38.974000000000004,282,6.7
2016-09-09 06:53:43,413440190,117.76799999999999,38.974000000000004,282,6.6
2016-09-09 06:54:02,413440190,117.76700000000001,38.974000000000004,282,6.6
2016-09-09 06:54:23,413440190,117.766,38.975,282,6.9
2016-09-09 06:54:43,413440190,117.766,38.975,282,7.1
2016-09-09 06:55:02,413440190,117.765,38.975,282,7.2
2016-09-09 06:55:23,413440190,117.764,38.975,281,7.2
2016-09-09 06:55:27,413440190,117.764,38.975,281,7.2
2016-09-09 06:55:43,413440190,117.76299999999999,38.975,282,7.3
2016-09-09 06:56:02,413440190,117.762,38.975,284,7.3
2016-09-09 06:56:12,413440190,117.76299999999999,38.975,283,7.2
2016-09-09 06:56:23,413440190,117.76100000000001,38.976,286,7.5
2016-09-09 06:56:43,413440190,117.76,38.976,288,7.5
2016-09-09 06:57:02,413440190,117.76,38.976,290,7.5
2016-09-09 06:57:43,413440190,117.758,38.976,290,7.5
2016-09-09 06:57:47,413440190,117.758,38.976,290,7.4
2016-09-09 06:58:02,413440190,117.757,38.977,290,7.5
2016-09-09 06:58:21,413440190,117.756,38.977,290,7.5
2016-09-09 06:58:43,413440190,117.755,38.977,290,7.5
2016-09-09 06:59:02,413440190,117.755,38.977,289,7.5
2016-09-09 06:59:05,413440190,117.755,38.977,289,7.4
2016-09-09 06:59:21,413440190,117.75399999999999,38.978,289,7.6
2016-09-09 06:59:43,413440190,117.75299999999999,38.978,290,7.6
2016-09-09 07:00:02,413440190,117.75200000000001,38.978,290,7.5
2016-09-09 07:00:21,413440190,117.751,38.978,291,6.6
2016-09-09 07:01:03,413440190,117.75,38.979,290,5.3
2016-09-09 07:02:21,413440190,117.75,38.979,290,5.0
2016-09-09 07:02:03,413440190,117.749,38.979,291,4.4
2016-09-09 07:02:09,413440190,117.75,38.979,290,4.9
2016-09-09 07:03:03,413440190,117.74700000000001,38.98,290,3.9
2016-09-09 07:03:21,413440190,117.74700000000001,38.98,290,3.8
2016-09-09 07:04:03,413440190,117.74600000000001,38.98,291,3.8
2016-09-09 07:04:21,413440190,117.74600000000001,38.98,292,3.7
2016-09-09 07:04:25,413440190,117.74600000000001,38.98,292,3.6
2016-09-09 07:05:03,413440190,117.745,38.98,290,3.7
2016-09-09 07:05:22,413440190,117.744,38.981,290,3.7
2016-09-09 07:06:03,413440190,117.743,38.981,292,4.9
2016-09-09 07:06:22,413440190,117.743,38.981,292,5.2
2016-09-09 07:07:03,413440190,117.741,38.981,290,5.7
2016-09-09 07:07:22,413440190,117.741,38.981,288,5.8
2016-09-09 07:07:28,413440190,117.741,38.982,288,5.8
2016-09-09 07:07:36,413440190,117.74,38.982,288,5.8
2016-09-09 07:08:22,413440190,117.73899999999999,38.982,287,6.1
2016-09-09 07:09:22,413440190,117.73700000000001,38.983000000000004,280,6.1
2016-09-09 07:09:27,413440190,117.73700000000001,38.983000000000004,280,6.0
2016-09-09 07:10:22,413440190,117.735,38.983000000000004,279,5.6
2016-09-09 07:10:28,413440190,117.735,38.983000000000004,279,5.6
2016-09-09 07:10:43,413440190,117.734,38.983000000000004,280,5.2
2016-09-09 07:11:22,413440190,117.73299999999999,38.983000000000004,291,5.0
2016-09-09 07:11:43,413440190,117.73200000000001,38.983000000000004,298,4.9
2016-09-09 07:12:23,413440190,117.73100000000001,38.984,295,4.4
2016-09-09 07:12:43,413440190,117.73100000000001,38.984,291,3.8
2016-09-09 07:13:02,413440190,117.73,38.984,294,3.6
2016-09-09 07:13:23,413440190,117.73,38.984,303,3.0
2016-09-09 07:13:43,413440190,117.73,38.984,319,2.6
2016-09-09 07:14:02,413440190,117.73,38.984,335,1.7
2016-09-09 07:14:06,413440190,117.73,38.984,335,1.7
2016-09-09 07:14:23,413440190,117.73,38.985,352,0.9
2016-09-09 07:14:43,413440190,117.73,38.985,4,0.6
2016-09-09 07:15:02,413440190,117.73,38.985,10,0.4
2016-09-09 07:15:08,413440190,117.73,38.985,10,0.4
2016-09-09 07:15:23,413440190,117.73,38.985,11,0.6
2016-09-09 07:15:43,413440190,117.73,38.985,12,1.1
2016-09-09 07:16:02,413440190,117.729,38.984,13,1.0
2016-09-09 07:16:23,413440190,117.729,38.984,13,0.8
2016-09-09 07:16:42,413440190,117.729,38.984,14,0.6
2016-09-09 07:17:02,413440190,117.729,38.985,16,0.6
2016-09-09 07:17:23,413440190,117.729,38.984,20,0.6
2016-09-09 07:17:42,413440190,117.729,38.984,20,0.9
2016-09-09 07:18:02,413440190,117.729,38.984,22,0.9
2016-09-09 07:18:23,413440190,117.729,38.984,27,0.9
2016-09-09 07:18:26,413440190,117.729,38.984,27,0.9
2016-09-09 07:18:42,413440190,117.729,38.984,27,1.3
2016-09-09 07:19:03,413440190,117.729,38.984,24,1.6
2016-09-09 07:19:23,413440190,117.729,38.984,21,1.8
2016-09-09 07:19:42,413440190,117.729,38.984,20,1.8
2016-09-09 07:20:03,413440190,117.728,38.984,22,1.1
2016-09-09 07:20:23,413440190,117.728,38.984,24,0.8
2016-09-09 07:20:27,413440190,117.728,38.984,24,0.8
2016-09-09 07:20:43,413440190,117.728,38.984,24,0.9
2016-09-09 07:21:03,413440190,117.728,38.983000000000004,24,0.9
2016-09-09 07:21:23,413440190,117.728,38.983000000000004,24,0.9
2016-09-09 07:22:23,413440190,117.728,38.983000000000004,24,0.7
2016-09-09 07:22:43,413440190,117.728,38.983000000000004,23,0.4
2016-09-09 07:23:23,413440190,117.728,38.983000000000004,24,0.1
2016-09-09 07:23:43,413440190,117.728,38.983000000000004,24,0.1
2016-09-09 07:24:03,413440190,117.728,38.983000000000004,24,0.1
2016-09-09 07:24:23,413440190,117.728,38.983000000000004,24,0.1
2016-09-09 07:24:43,413440190,117.728,38.983000000000004,24,0.1
2016-09-09 07:25:03,413440190,117.728,38.983000000000004,24,0.1
2016-09-09 07:25:23,413440190,117.728,38.983000000000004,23,0.1
2016-09-09 07:25:43,413440190,117.728,38.983000000000004,24,0.2
2016-09-09 07:26:03,413440190,117.728,38.983000000000004,24,0.1
2016-09-09 07:27:03,413440190,117.728,38.983000000000004,24,0.1
2016-09-09 11:41:36,413440190,117.73100000000001,38.984,90,2.7
2016-09-09 11:45:17,413440190,117.728,38.983000000000004,24,0.3
2016-09-09 11:45:38,413440190,117.728,38.983000000000004,20,1.1
2016-09-09 11:48:01,413440190,117.744,38.981,115,7.6
2016-09-09 11:52:57,413440190,117.728,38.984,24,1.2
2016-09-09 11:53:19,413440190,117.728,38.984,41,1.6
2016-09-09 12:00:03,413440190,117.779,38.971,110,6.0
2016-09-09 12:00:58,413440190,117.781,38.97,108,7.6
2016-09-09 12:04:59,413440190,117.79299999999999,38.969,94,9.0
2016-09-09 12:05:43,413440190,117.796,38.969,94,9.0
2016-09-09 12:12:36,413440190,117.818,38.964,109,9.6
2016-09-09 12:21:23,413440190,117.85,38.958,100,11.2
2016-09-09 12:31:04,413440190,117.889,38.953,99,11.7
2016-09-09 12:52:57,413440190,117.729,38.984,86,2.4
2016-09-09 12:52:38,413440190,117.73100000000001,38.984,90,2.5
2016-09-09 12:53:17,413440190,117.741,38.982,115,7.3
2016-09-09 12:53:38,413440190,117.744,38.981,117,7.6
2016-09-09 12:53:19,413440190,117.745,38.98,114,7.7
2016-09-09 12:53:57,413440190,117.76,38.976,101,9.8
2016-09-09 12:54:19,413440190,117.76899999999999,38.974000000000004,105,11.1
2016-09-09 12:53:37,413440190,117.771,38.974000000000004,104,11.2
2016-09-09 12:54:17,413440190,117.773,38.973,106,10.3
2016-09-09 12:53:58,413440190,117.78200000000001,38.97,106,7.7
2016-09-09 12:54:38,413440190,117.78299999999999,38.97,104,8.4
2016-09-09 12:54:58,413440190,117.78399999999999,38.97,103,8.6
2016-09-09 12:55:17,413440190,117.795,38.969,94,9.0
2016-09-09 12:55:01,413440190,117.795,38.969,94,9.0
2016-09-09 12:55:18,413440190,117.80799999999999,38.967,105,9.6
2016-09-09 12:55:38,413440190,117.809,38.966,109,9.6
2016-09-09 12:54:57,413440190,117.82,38.963,109,9.6
2016-09-09 12:55:58,413440190,117.845,38.959,99,11.3
2016-09-09 12:55:19,413440190,117.84700000000001,38.958,99,11.3
2016-09-09 12:55:37,413440190,117.85600000000001,38.957,101,11.3
2016-09-09 13:13:58,413440190,118.05799999999999,38.917,104,11.8
2016-09-09 13:35:17,413440190,118.14,38.891,117,11.9
2016-09-15 03:17:40,413440190,118.154,38.908,305,12.6
2016-09-15 03:19:54,413440190,118.145,38.913000000000004,305,12.6
2016-09-15 03:20:35,413440190,118.14200000000001,38.914,305,12.6
2016-09-15 03:22:36,413440190,118.134,38.919000000000004,305,12.6
2016-09-15 03:25:31,413440190,118.124,38.924,302,12.6
2016-09-15 03:25:40,413440190,118.12299999999999,38.925,299,12.6
2016-09-15 03:27:54,413440190,118.11399999999999,38.928000000000004,291,12.6
2016-09-15 03:44:27,413440190,118.051,38.938,278,6.4
2016-09-15 04:00:57,413440190,118.022,38.944,275,4.9
2016-09-15 04:17:36,413440190,117.994,38.949,276,4.7
2016-09-15 04:39:57,413440190,117.921,38.954,278,10.8
2016-09-15 04:40:01,413440190,117.921,38.954,278,10.8
2016-09-15 04:40:16,413440190,117.92,38.954,277,10.8
2016-09-15 04:40:36,413440190,117.91799999999999,38.954,277,10.8
2016-09-15 04:43:17,413440190,117.90799999999999,38.955,277,10.9
2016-09-15 04:43:21,413440190,117.90799999999999,38.955,277,10.8
2016-09-15 04:44:56,413440190,117.902,38.955999999999996,278,10.8
2016-09-15 04:44:59,413440190,117.902,38.955999999999996,278,10.8
2016-09-15 04:45:17,413440190,117.9,38.955999999999996,279,10.8
2016-09-15 04:45:36,413440190,117.899,38.957,279,10.8
2016-09-15 04:49:57,413440190,117.882,38.959,279,11.3
2016-09-15 04:50:16,413440190,117.881,38.959,280,11.3
2016-09-15 04:50:57,413440190,117.87799999999999,38.96,280,11.3
2016-09-15 04:51:16,413440190,117.87700000000001,38.96,280,11.3
2016-09-15 04:52:56,413440190,117.87100000000001,38.961,280,11.2
2016-09-15 04:53:35,413440190,117.868,38.961,280,11.3
2016-09-15 04:54:35,413440190,117.86399999999999,38.961999999999996,269,10.9
2016-09-15 04:55:16,413440190,117.861,38.961999999999996,270,10.7
2016-09-15 04:58:37,413440190,117.84899999999999,38.961999999999996,280,10.9
2016-09-15 04:58:39,413440190,117.84899999999999,38.961999999999996,280,10.8
2016-09-15 04:59:56,413440190,117.844,38.963,280,10.9
2016-09-15 05:00:00,413440190,117.844,38.963,280,10.8
2016-09-15 05:00:17,413440190,117.84200000000001,38.963,280,10.7
2016-09-15 05:00:37,413440190,117.84100000000001,38.963,280,10.7
2016-09-15 05:00:56,413440190,117.84,38.964,280,10.7
2016-09-15 05:01:17,413440190,117.839,38.964,280,10.8
2016-09-15 05:01:37,413440190,117.837,38.964,280,10.9
2016-09-15 05:01:56,413440190,117.836,38.964,280,10.9
2016-09-15 05:01:58,413440190,117.836,38.964,280,10.8
2016-09-15 05:02:56,413440190,117.83200000000001,38.965,280,10.8
2016-09-15 05:04:16,413440190,117.82700000000001,38.965,278,10.7
2016-09-15 05:04:35,413440190,117.82600000000001,38.965,278,10.8
2016-09-15 05:04:56,413440190,117.825,38.966,279,10.8
2016-09-15 05:05:16,413440190,117.823,38.966,278,10.8
2016-09-15 05:05:35,413440190,117.822,38.966,278,10.8
2016-09-15 05:05:55,413440190,117.821,38.966,278,10.8
2016-09-15 05:06:16,413440190,117.82,38.966,278,10.8
2016-09-15 05:06:55,413440190,117.81700000000001,38.967,278,10.8
2016-09-15 05:07:35,413440190,117.815,38.967,278,10.7
2016-09-15 05:08:16,413440190,117.81200000000001,38.967,278,10.7
2016-09-15 05:09:16,413440190,117.80799999999999,38.968,278,10.7
2016-09-15 05:09:20,413440190,117.80799999999999,38.968,278,10.7
2016-09-15 05:09:35,413440190,117.807,38.968,278,10.7
2016-09-15 05:09:55,413440190,117.806,38.968,278,10.7
2016-09-15 05:10:16,413440190,117.804,38.968,277,10.7
2016-09-15 05:10:20,413440190,117.804,38.968,277,10.7
2016-09-15 05:10:36,413440190,117.803,38.968,278,10.8
2016-09-15 05:10:41,413440190,117.804,38.968,277,10.7
2016-09-15 05:10:55,413440190,117.802,38.968,280,10.8
2016-09-15 05:11:16,413440190,117.801,38.969,281,10.7
2016-09-15 05:11:21,413440190,117.801,38.969,281,10.7
2016-09-15 05:11:36,413440190,117.79899999999999,38.969,281,10.7
2016-09-15 05:11:55,413440190,117.79799999999999,38.969,281,10.7
2016-09-15 05:12:16,413440190,117.79700000000001,38.969,280,10.5
2016-09-15 05:13:36,413440190,117.792,38.97,281,10.8
2016-09-15 05:13:40,413440190,117.792,38.97,281,10.8
2016-09-15 05:14:16,413440190,117.789,38.971,281,10.7
2016-09-15 05:14:55,413440190,117.787,38.971,281,10.6
2016-09-15 05:15:16,413440190,117.786,38.971,280,10.6
2016-09-15 05:15:55,413440190,117.78299999999999,38.972,281,10.7
2016-09-15 05:15:59,413440190,117.78299999999999,38.972,281,10.7
2016-09-15 05:17:16,413440190,117.77799999999999,38.972,280,10.7
2016-09-15 05:17:19,413440190,117.77799999999999,38.972,280,10.7
2016-09-15 05:17:37,413440190,117.777,38.973,281,10.7
2016-09-15 05:17:55,413440190,117.77600000000001,38.973,281,10.7
2016-09-15 05:18:16,413440190,117.775,38.973,281,10.6
2016-09-15 05:18:19,413440190,117.775,38.973,281,10.5
2016-09-15 05:18:37,413440190,117.773,38.973,280,10.5
2016-09-15 05:18:57,413440190,117.772,38.973,281,9.7
2016-09-15 05:19:16,413440190,117.771,38.973,282,9.2
2016-09-15 05:19:18,413440190,117.771,38.973,282,9.2
2016-09-15 05:19:57,413440190,117.76899999999999,38.974000000000004,283,8.0
2016-09-15 05:20:16,413440190,117.76799999999999,38.974000000000004,283,7.8
2016-09-15 05:20:19,413440190,117.76799999999999,38.974000000000004,283,7.8
2016-09-15 05:20:37,413440190,117.76700000000001,38.974000000000004,283,7.6
2016-09-15 05:21:37,413440190,117.765,38.975,283,7.4
2016-09-15 05:21:41,413440190,117.765,38.975,283,7.4
2016-09-15 05:21:57,413440190,117.764,38.975,283,7.6
2016-09-15 05:22:15,413440190,117.76299999999999,38.975,284,7.7
2016-09-15 05:22:37,413440190,117.762,38.975,285,7.8
2016-09-15 05:22:40,413440190,117.762,38.975,285,7.8
2016-09-15 05:22:55,413440190,117.76100000000001,38.975,288,7.8
2016-09-15 05:23:15,413440190,117.76,38.976,288,7.8
2016-09-15 05:23:37,413440190,117.759,38.976,288,7.9
2016-09-15 05:23:40,413440190,117.759,38.976,288,7.8
2016-09-15 05:23:55,413440190,117.759,38.976,288,7.9
2016-09-15 05:24:03,413440190,117.759,38.976,288,7.8
2016-09-15 05:25:15,413440190,117.755,38.977,293,7.8
2016-09-15 05:25:17,413440190,117.755,38.977,293,7.8
2016-09-15 05:25:55,413440190,117.75299999999999,38.978,293,7.4
2016-09-15 05:26:15,413440190,117.75299999999999,38.978,293,7.2
2016-09-15 05:26:36,413440190,117.75200000000001,38.978,294,7.2
2016-09-15 05:26:55,413440190,117.751,38.979,295,7.1
2016-09-15 05:27:15,413440190,117.75,38.979,295,7.1
2016-09-15 05:27:36,413440190,117.749,38.979,295,7.1
2016-09-15 05:27:55,413440190,117.749,38.979,297,7.1
2016-09-15 05:28:15,413440190,117.74799999999999,38.98,298,7.0
2016-09-15 05:28:26,413440190,117.74799999999999,38.98,298,6.9
2016-09-15 05:28:36,413440190,117.74700000000001,38.98,298,7.0
2016-09-15 05:28:56,413440190,117.74700000000001,38.98,298,7.0
2016-09-15 05:29:16,413440190,117.74600000000001,38.981,298,7.0
2016-09-15 05:29:36,413440190,117.745,38.981,298,7.0
2016-09-15 05:30:16,413440190,117.744,38.982,298,7.0
2016-09-15 05:30:36,413440190,117.743,38.982,298,7.0
2016-09-15 05:30:56,413440190,117.742,38.982,298,7.0
2016-09-15 05:31:37,413440190,117.741,38.983000000000004,300,5.2
2016-09-15 05:31:56,413440190,117.74,38.983000000000004,300,4.6
2016-09-15 05:32:16,413440190,117.74,38.983000000000004,299,4.2
2016-09-15 05:32:37,413440190,117.74,38.983000000000004,297,4.2
2016-09-15 05:32:56,413440190,117.73899999999999,38.984,292,4.2
2016-09-15 05:33:16,413440190,117.73899999999999,38.984,288,4.2
2016-09-15 05:33:56,413440190,117.738,38.984,278,4.7
2016-09-15 05:34:00,413440190,117.738,38.984,278,4.7
2016-09-15 05:34:16,413440190,117.73700000000001,38.984,276,5.1
2016-09-15 05:34:37,413440190,117.736,38.984,278,5.6
2016-09-15 05:34:56,413440190,117.736,38.984,279,5.8
2016-09-15 05:35:17,413440190,117.735,38.984,279,6.0
2016-09-15 05:35:37,413440190,117.734,38.984,274,6.1
2016-09-15 05:36:17,413440190,117.73299999999999,38.984,265,6.2
2016-09-15 05:36:20,413440190,117.73299999999999,38.984,265,6.2
2016-09-15 05:36:37,413440190,117.73200000000001,38.984,260,6.2
2016-09-15 05:36:57,413440190,117.73100000000001,38.984,258,5.7
2016-09-15 05:37:17,413440190,117.73100000000001,38.984,259,5.1
2016-09-15 05:37:35,413440190,117.73,38.984,256,4.2
2016-09-15 05:37:38,413440190,117.73,38.984,256,4.2
2016-09-15 05:37:57,413440190,117.73,38.984,252,3.3
2016-09-15 05:38:17,413440190,117.729,38.984,257,2.9
2016-09-15 05:38:35,413440190,117.729,38.984,273,2.3
2016-09-15 05:38:38,413440190,117.729,38.984,273,2.2
2016-09-15 05:38:57,413440190,117.729,38.984,291,1.2
2016-09-15 05:39:17,413440190,117.729,38.984,306,0.8
2016-09-15 05:39:57,413440190,117.729,38.984,312,0.6
2016-09-15 05:40:17,413440190,117.729,38.984,312,0.5
2016-09-15 05:40:57,413440190,117.729,38.984,311,0.5
2016-09-15 05:41:17,413440190,117.729,38.984,310,0.6
2016-09-15 05:41:35,413440190,117.729,38.984,309,0.6
2016-09-15 05:41:57,413440190,117.729,38.984,308,0.8
2016-09-15 05:42:16,413440190,117.729,38.984,308,0.9
2016-09-15 05:42:21,413440190,117.729,38.984,308,0.9
2016-09-15 05:42:35,413440190,117.729,38.984,307,0.6
2016-09-15 05:42:57,413440190,117.729,38.983000000000004,304,0.5
2016-09-15 05:43:16,413440190,117.729,38.983000000000004,301,0.6
2016-09-15 05:43:21,413440190,117.729,38.983000000000004,301,0.6
2016-09-15 05:43:35,413440190,117.729,38.983000000000004,301,0.4
2016-09-15 05:43:57,413440190,117.729,38.983000000000004,300,0.3
2016-09-15 05:44:16,413440190,117.729,38.983000000000004,298,0.2
2016-09-15 05:44:36,413440190,117.729,38.983000000000004,297,0.1
2016-09-15 05:44:57,413440190,117.729,38.983000000000004,296,0.1
2016-09-15 05:45:16,413440190,117.729,38.983000000000004,296,0.2
2016-09-15 05:45:36,413440190,117.729,38.983000000000004,295,0.1
2016-09-15 05:45:56,413440190,117.729,38.983000000000004,295,0.1
2016-09-15 05:46:16,413440190,117.729,38.983000000000004,296,0.1
2016-09-15 05:46:36,413440190,117.729,38.983000000000004,296,0.1
2016-09-15 05:46:56,413440190,117.729,38.983000000000004,296,0.1
2016-09-15 05:47:16,413440190,117.729,38.983000000000004,295,0.2
2016-09-15 05:47:36,413440190,117.729,38.983000000000004,294,0.1
2016-09-15 05:48:56,413440190,117.729,38.983000000000004,295,0.1
2016-09-15 05:49:15,413440190,117.729,38.983000000000004,295,0.1
2016-09-15 05:49:36,413440190,117.729,38.983000000000004,294,0.1
2016-09-15 05:52:56,413440190,117.729,38.983000000000004,294,0.1
2016-09-15 05:53:56,413440190,117.729,38.983000000000004,294,0.1
2016-09-15 10:35:17,413440190,117.729,38.983000000000004,294,0.1
2016-09-15 10:35:38,413440190,117.729,38.983000000000004,294,0.1
2016-09-15 10:36:17,413440190,117.729,38.983000000000004,295,0.7
2016-09-15 10:36:38,413440190,117.729,38.983000000000004,297,0.9
2016-09-15 10:37:17,413440190,117.729,38.984,287,0.4
2016-09-15 10:37:38,413440190,117.729,38.984,274,0.2
2016-09-15 10:37:58,413440190,117.729,38.984,266,0.5
2016-09-15 10:38:17,413440190,117.729,38.984,262,1.1
2016-09-15 10:38:38,413440190,117.729,38.984,263,1.3
2016-09-15 10:38:58,413440190,117.729,38.984,270,1.2
2016-09-15 10:39:17,413440190,117.729,38.984,274,1.0
2016-09-15 10:39:19,413440190,117.729,38.984,272,1.1
2016-09-15 10:39:37,413440190,117.729,38.984,276,0.9
2016-09-15 10:40:18,413440190,117.729,38.984,283,0.8
2016-09-15 10:40:37,413440190,117.729,38.984,286,0.8
2016-09-15 10:40:58,413440190,117.729,38.984,280,0.6
2016-09-15 10:41:18,413440190,117.729,38.984,275,0.6
2016-09-15 10:41:22,413440190,117.729,38.984,275,0.6
2016-09-15 10:41:58,413440190,117.729,38.984,283,0.8
2016-09-15 10:42:18,413440190,117.73,38.984,287,0.8
2016-09-15 10:42:36,413440190,117.73,38.984,289,0.8
2016-09-15 10:42:37,413440190,117.73,38.984,289,0.7
2016-09-15 10:42:58,413440190,117.73,38.984,290,0.8
2016-09-15 10:43:18,413440190,117.73,38.984,290,1.0
2016-09-15 10:43:37,413440190,117.73,38.984,289,1.1
2016-09-15 10:43:39,413440190,117.73,38.984,289,1.1
2016-09-15 10:43:58,413440190,117.73,38.984,290,1.0
2016-09-15 10:44:18,413440190,117.73,38.984,290,0.9
2016-09-15 10:44:37,413440190,117.73,38.984,293,1.1
2016-09-15 10:44:58,413440190,117.73100000000001,38.984,295,1.3
2016-09-15 10:45:18,413440190,117.73100000000001,38.984,295,1.5
2016-09-15 10:45:37,413440190,117.73100000000001,38.984,295,1.6
2016-09-15 10:45:58,413440190,117.73100000000001,38.984,300,1.7
2016-09-15 10:46:18,413440190,117.73100000000001,38.984,311,1.7
2016-09-15 10:46:37,413440190,117.73100000000001,38.984,322,1.7
2016-09-15 10:46:58,413440190,117.73200000000001,38.984,334,1.8
2016-09-15 10:47:18,413440190,117.73200000000001,38.984,346,1.9
2016-09-15 10:47:37,413440190,117.73200000000001,38.984,355,1.9
2016-09-15 10:47:58,413440190,117.73200000000001,38.983000000000004,4,2.0
2016-09-15 10:48:18,413440190,117.73200000000001,38.983000000000004,12,1.9
2016-09-15 10:48:37,413440190,117.73200000000001,38.983000000000004,21,1.8
2016-09-15 10:48:58,413440190,117.73200000000001,38.983000000000004,28,1.6
2016-09-15 10:49:17,413440190,117.73200000000001,38.983000000000004,32,1.3
2016-09-15 10:49:37,413440190,117.73200000000001,38.983000000000004,37,1.1
2016-09-15 10:49:58,413440190,117.73200000000001,38.983000000000004,40,1.3
2016-09-15 10:50:00,413440190,117.73200000000001,38.983000000000004,40,1.3
2016-09-15 10:50:17,413440190,117.73200000000001,38.982,42,1.5
2016-09-15 10:50:37,413440190,117.73200000000001,38.982,44,1.7
2016-09-15 10:50:58,413440190,117.73200000000001,38.982,47,1.9
2016-09-15 10:51:02,413440190,117.73200000000001,38.982,47,1.8
2016-09-15 10:51:17,413440190,117.73100000000001,38.982,47,2.0
2016-09-15 10:51:37,413440190,117.73100000000001,38.982,49,2.2
2016-09-15 10:51:58,413440190,117.73100000000001,38.982,53,2.3
2016-09-15 10:52:17,413440190,117.73100000000001,38.982,58,2.3
2016-09-15 10:52:37,413440190,117.73100000000001,38.981,65,2.3
2016-09-15 10:52:58,413440190,117.73100000000001,38.981,75,2.1
2016-09-15 10:54:17,413440190,117.73,38.981,95,0.5
2016-09-15 10:54:58,413440190,117.73,38.981,102,0.5
2016-09-15 10:55:03,413440190,117.73,38.981,100,0.4
2016-09-15 10:55:37,413440190,117.73,38.981,104,0.3
2016-09-15 10:55:58,413440190,117.73,38.981,106,0.3
2016-09-15 10:56:17,413440190,117.73,38.981,107,0.2
2016-09-15 10:56:37,413440190,117.73,38.981,107,0.2
2016-09-15 10:56:58,413440190,117.73,38.981,109,0.3
2016-09-15 10:57:37,413440190,117.73,38.981,113,0.1
2016-09-15 10:58:17,413440190,117.73,38.981,113,0.1
2016-09-15 10:58:37,413440190,117.73,38.981,112,0.1
2016-09-15 10:58:58,413440190,117.73,38.981,112,0.2
2016-09-15 10:59:18,413440190,117.73,38.981,114,0.2
2016-09-15 11:00:37,413440190,117.73,38.981,113,0.1
2016-09-15 11:00:56,413440190,117.73,38.981,114,0.1
2016-09-15 11:01:18,413440190,117.73,38.981,113,0.1
2016-09-15 11:01:37,413440190,117.73,38.981,113,0.1
2016-09-15 11:01:56,413440190,117.73,38.981,113,0.1
2016-09-15 13:07:16,413440190,117.73,38.981,114,0.1
2016-09-15 13:07:36,413440190,117.73,38.981,109,0.4
2016-09-15 13:07:38,413440190,117.73,38.981,109,0.4
2016-09-15 13:07:57,413440190,117.73,38.981,102,0.9
2016-09-15 13:08:16,413440190,117.73,38.981,99,1.0
2016-09-15 13:08:36,413440190,117.73,38.981,87,1.1
2016-09-15 13:08:39,413440190,117.73,38.981,87,1.1
2016-09-15 13:08:57,413440190,117.73100000000001,38.981,75,1.2
2016-09-15 13:09:16,413440190,117.73100000000001,38.981,66,1.1
2016-09-15 13:09:36,413440190,117.73100000000001,38.981,57,0.9
2016-09-15 13:09:57,413440190,117.73100000000001,38.981,51,0.5
2016-09-15 13:10:16,413440190,117.73100000000001,38.981,46,0.6
2016-09-15 13:10:36,413440190,117.73100000000001,38.981,47,1.6
2016-09-15 13:10:40,413440190,117.73100000000001,38.981,47,1.5
2016-09-15 13:10:57,413440190,117.73100000000001,38.982,46,2.6
2016-09-15 13:11:18,413440190,117.73100000000001,38.982,44,2.7
2016-09-15 13:11:36,413440190,117.73200000000001,38.982,41,2.8
2016-09-15 13:11:57,413440190,117.73200000000001,38.982,33,3.1
2016-09-15 13:12:18,413440190,117.73200000000001,38.982,26,3.2
2016-09-15 13:12:36,413440190,117.73200000000001,38.983000000000004,18,3.3
2016-09-15 13:12:40,413440190,117.73200000000001,38.983000000000004,18,3.3
2016-09-15 13:12:57,413440190,117.73200000000001,38.983000000000004,8,3.1
2016-09-15 13:13:18,413440190,117.73200000000001,38.983000000000004,356,2.9
2016-09-15 13:13:36,413440190,117.73200000000001,38.983000000000004,340,2.4
2016-09-15 13:13:39,413440190,117.73200000000001,38.983000000000004,340,2.4
2016-09-15 13:13:57,413440190,117.73200000000001,38.984,328,2.8
2016-09-15 13:14:18,413440190,117.73200000000001,38.984,320,3.3
2016-09-15 13:14:36,413440190,117.73200000000001,38.984,308,3.2
2016-09-15 13:14:38,413440190,117.73200000000001,38.984,308,3.1
2016-09-15 13:14:56,413440190,117.73100000000001,38.984,293,3.1
2016-09-15 13:15:18,413440190,117.73100000000001,38.984,275,3.2
2016-09-15 13:15:36,413440190,117.73100000000001,38.984,264,3.7
2016-09-15 13:15:56,413440190,117.73,38.984,254,4.1
2016-09-15 13:16:18,413440190,117.729,38.984,262,4.5
2016-09-15 13:16:36,413440190,117.729,38.984,278,4.1
2016-09-15 13:16:40,413440190,117.729,38.984,278,4.0
2016-09-15 13:16:56,413440190,117.729,38.984,297,2.5
2016-09-15 13:17:35,413440190,117.729,38.984,323,0.9
2016-09-15 13:17:37,413440190,117.729,38.984,323,0.9
2016-09-15 13:17:56,413440190,117.728,38.984,343,0.2
2016-09-15 13:18:18,413440190,117.728,38.984,341,0.6
2016-09-15 13:18:37,413440190,117.728,38.984,339,0.9
2016-09-15 13:18:56,413440190,117.728,38.984,334,1.2
2016-09-15 13:19:05,413440190,117.728,38.984,337,1.1
2016-09-15 13:19:17,413440190,117.728,38.984,325,1.5
2016-09-15 13:19:37,413440190,117.728,38.984,319,1.1
2016-09-15 13:19:40,413440190,117.728,38.984,319,1.1
2016-09-15 13:19:56,413440190,117.729,38.984,319,0.8
2016-09-15 13:20:17,413440190,117.729,38.984,317,0.8
2016-09-15 13:20:37,413440190,117.729,38.984,316,0.6
2016-09-15 13:20:56,413440190,117.729,38.984,315,0.5
2016-09-15 13:21:37,413440190,117.729,38.984,311,0.3
2016-09-15 13:21:56,413440190,117.729,38.984,310,0.5
2016-09-15 13:22:17,413440190,117.729,38.984,309,0.4
2016-09-15 13:22:37,413440190,117.729,38.984,304,0.6
2016-09-15 13:22:56,413440190,117.729,38.984,303,0.3
2016-09-15 13:23:16,413440190,117.729,38.983000000000004,301,0.4
2016-09-15 13:23:37,413440190,117.729,38.983000000000004,301,0.3
2016-09-15 13:23:42,413440190,117.729,38.983000000000004,301,0.2
2016-09-15 13:24:16,413440190,117.729,38.983000000000004,302,0.5
2016-09-15 13:24:37,413440190,117.729,38.983000000000004,298,0.3
2016-09-15 13:24:40,413440190,117.729,38.983000000000004,298,0.2
2016-09-15 13:25:16,413440190,117.729,38.983000000000004,293,0.2
2016-09-15 13:25:37,413440190,117.729,38.983000000000004,293,0.1
2016-09-15 13:25:56,413440190,117.729,38.983000000000004,293,0.1
2016-09-15 13:26:16,413440190,117.729,38.983000000000004,294,0.1
2016-09-15 13:26:37,413440190,117.729,38.983000000000004,294,0.1
2016-09-15 13:26:56,413440190,117.729,38.983000000000004,296,0.1
2016-09-15 13:27:16,413440190,117.729,38.983000000000004,294,0.2
2016-09-15 13:27:37,413440190,117.729,38.983000000000004,293,0.1
2016-09-15 13:27:56,413440190,117.729,38.983000000000004,293,0.1
2016-09-15 13:28:16,413440190,117.729,38.983000000000004,293,0.1
2016-09-15 13:28:37,413440190,117.729,38.983000000000004,293,0.1
2016-09-15 13:29:16,413440190,117.729,38.983000000000004,293,0.1
2016-09-15 13:30:16,413440190,117.729,38.983000000000004,294,0.1
2016-09-15 13:30:37,413440190,117.729,38.983000000000004,294,0.1
2016-09-15 13:30:57,413440190,117.729,38.983000000000004,293,0.1
2016-09-15 13:31:16,413440190,117.729,38.983000000000004,294,0.1
2016-09-15 13:31:37,413440190,117.729,38.983000000000004,293,0.1
2016-09-15 13:32:16,413440190,117.729,38.983000000000004,293,0.1
2016-09-16 04:07:30,413440190,117.729,38.983000000000004,294,0.1
2016-09-16 04:07:50,413440190,117.729,38.983000000000004,293,0.1
2016-09-16 04:08:30,413440190,117.729,38.983000000000004,295,0.2
2016-09-16 04:08:50,413440190,117.729,38.983000000000004,301,0.3
2016-09-16 04:09:09,413440190,117.729,38.983000000000004,306,0.3
2016-09-16 04:09:50,413440190,117.729,38.983000000000004,319,0.6
2016-09-16 04:09:53,413440190,117.729,38.983000000000004,319,0.6
2016-09-16 04:10:09,413440190,117.729,38.984,330,1.0
2016-09-16 04:10:30,413440190,117.729,38.984,345,1.1
2016-09-16 04:10:50,413440190,117.729,38.984,4,1.2
2016-09-16 04:11:09,413440190,117.729,38.984,20,1.2
2016-09-16 04:11:30,413440190,117.729,38.984,33,1.3
2016-09-16 04:12:09,413440190,117.73,38.984,56,2.8
2016-09-16 04:12:30,413440190,117.73,38.984,66,3.2
2016-09-16 04:12:49,413440190,117.73,38.984,79,3.7
2016-09-16 04:13:09,413440190,117.73100000000001,38.984,91,3.6
2016-09-16 04:13:12,413440190,117.73100000000001,38.984,91,3.6
2016-09-16 04:13:30,413440190,117.73100000000001,38.984,104,3.5
2016-09-16 04:13:49,413440190,117.73200000000001,38.984,115,3.4
2016-09-16 04:14:09,413440190,117.73200000000001,38.984,116,3.4
2016-09-16 04:14:12,413440190,117.73200000000001,38.984,116,3.3
2016-09-16 04:14:30,413440190,117.73200000000001,38.984,114,3.6
2016-09-16 04:14:49,413440190,117.73299999999999,38.984,112,3.5
2016-09-16 04:15:49,413440190,117.734,38.984,118,3.5
2016-09-16 04:15:53,413440190,117.734,38.984,118,3.5
2016-09-16 04:16:28,413440190,117.735,38.983000000000004,120,3.6
2016-09-16 04:16:49,413440190,117.735,38.983000000000004,118,3.5
2016-09-16 04:16:52,413440190,117.735,38.983000000000004,118,3.5
2016-09-16 04:17:09,413440190,117.735,38.983000000000004,115,3.5
2016-09-16 04:17:28,413440190,117.736,38.983000000000004,114,3.5
2016-09-16 04:17:49,413440190,117.736,38.983000000000004,111,3.5
2016-09-16 04:17:52,413440190,117.736,38.983000000000004,111,3.5
2016-09-16 04:18:09,413440190,117.736,38.982,109,3.5
2016-09-16 04:18:28,413440190,117.73700000000001,38.982,108,3.5
2016-09-16 04:18:49,413440190,117.73700000000001,38.982,106,3.5
2016-09-16 04:18:54,413440190,117.73700000000001,38.982,106,3.5
2016-09-16 04:19:09,413440190,117.738,38.982,105,3.6
2016-09-16 04:19:49,413440190,117.73899999999999,38.982,105,4.6
2016-09-16 04:19:53,413440190,117.73899999999999,38.982,105,4.5
2016-09-16 04:20:09,413440190,117.73899999999999,38.982,105,5.3
2016-09-16 04:20:30,413440190,117.74,38.982,101,5.8
2016-09-16 04:20:50,413440190,117.741,38.982,99,6.0
2016-09-16 04:21:09,413440190,117.741,38.982,96,6.3
2016-09-16 04:21:30,413440190,117.742,38.981,96,6.6
2016-09-16 04:21:50,413440190,117.743,38.981,99,7.0
2016-09-16 04:22:09,413440190,117.744,38.981,113,6.6
2016-09-16 04:22:13,413440190,117.744,38.981,113,6.5
2016-09-16 04:22:30,413440190,117.744,38.981,115,6.4
2016-09-16 04:22:50,413440190,117.745,38.981,112,6.3
2016-09-16 04:23:09,413440190,117.74600000000001,38.981,110,6.3
2016-09-16 04:23:30,413440190,117.74700000000001,38.98,109,6.3
2016-09-16 04:23:50,413440190,117.74700000000001,38.98,111,6.3
2016-09-16 04:24:09,413440190,117.74799999999999,38.98,115,6.3
2016-09-16 04:24:30,413440190,117.749,38.98,115,6.2
2016-09-16 04:24:50,413440190,117.749,38.979,115,6.3
2016-09-16 04:25:09,413440190,117.75,38.979,115,6.5
2016-09-16 04:25:29,413440190,117.751,38.979,115,6.7
2016-09-16 04:25:49,413440190,117.751,38.979,115,6.8
2016-09-16 04:25:51,413440190,117.751,38.979,115,6.7
2016-09-16 04:26:09,413440190,117.75200000000001,38.978,114,7.0
2016-09-16 04:26:13,413440190,117.75200000000001,38.978,114,6.9
2016-09-16 04:26:29,413440190,117.75299999999999,38.978,115,7.1
2016-09-16 04:26:49,413440190,117.75399999999999,38.978,115,7.4
2016-09-16 04:27:09,413440190,117.755,38.977,115,7.6
2016-09-16 04:27:11,413440190,117.755,38.977,115,7.6
2016-09-16 04:27:29,413440190,117.755,38.977,115,7.9
2016-09-16 04:27:49,413440190,117.756,38.977,115,8.5
2016-09-16 04:28:10,413440190,117.757,38.976,115,9.0
2016-09-16 04:28:29,413440190,117.758,38.976,115,9.3
2016-09-16 04:29:10,413440190,117.76,38.975,112,9.6
2016-09-16 04:29:29,413440190,117.76100000000001,38.975,104,9.5
2016-09-16 04:29:49,413440190,117.762,38.975,100,9.5
2016-09-16 04:30:10,413440190,117.764,38.975,99,9.6
2016-09-16 04:30:49,413440190,117.766,38.974000000000004,100,10.0
2016-09-16 04:31:10,413440190,117.76700000000001,38.974000000000004,100,10.2
2016-09-16 04:31:49,413440190,117.76899999999999,38.974000000000004,100,10.3
2016-09-16 04:32:10,413440190,117.771,38.974000000000004,100,10.4
2016-09-16 04:32:29,413440190,117.772,38.973,100,10.4
2016-09-16 04:32:49,413440190,117.773,38.973,100,10.7
2016-09-16 04:33:10,413440190,117.774,38.973,100,10.9
2016-09-16 04:33:29,413440190,117.77600000000001,38.973,100,11.0
2016-09-16 04:33:49,413440190,117.777,38.973,99,11.0
2016-09-16 04:33:55,413440190,117.777,38.973,99,11.0
2016-09-16 04:34:09,413440190,117.77799999999999,38.973,100,11.1
2016-09-16 04:34:29,413440190,117.78,38.972,99,11.1
2016-09-16 04:34:49,413440190,117.781,38.972,100,11.1
2016-09-16 04:35:09,413440190,117.78200000000001,38.972,99,11.1
2016-09-16 04:35:11,413440190,117.78200000000001,38.972,99,11.0
2016-09-16 04:35:29,413440190,117.78299999999999,38.972,100,11.1
2016-09-16 04:35:49,413440190,117.785,38.972,101,11.0
2016-09-16 04:36:09,413440190,117.786,38.971,101,11.0
2016-09-16 04:36:13,413440190,117.786,38.971,101,11.0
2016-09-16 04:36:29,413440190,117.787,38.971,105,11.0
2016-09-16 04:36:49,413440190,117.789,38.971,105,10.9
2016-09-16 04:37:09,413440190,117.79,38.971,104,10.9
2016-09-16 04:37:29,413440190,117.791,38.97,104,10.9
2016-09-16 04:37:49,413440190,117.792,38.97,104,10.9
2016-09-16 04:38:09,413440190,117.794,38.97,104,10.9
2016-09-16 04:38:15,413440190,117.794,38.97,104,10.8
2016-09-16 04:38:30,413440190,117.795,38.97,105,10.9
2016-09-16 04:38:49,413440190,117.796,38.969,104,10.9
2016-09-16 04:39:10,413440190,117.79700000000001,38.969,105,11.0
2016-09-16 04:39:30,413440190,117.79899999999999,38.969,104,11.0
2016-09-16 04:39:49,413440190,117.8,38.969,104,11.0
2016-09-16 04:40:10,413440190,117.801,38.968,104,10.9
2016-09-16 04:40:13,413440190,117.801,38.968,104,10.8
2016-09-16 04:40:30,413440190,117.802,38.968,105,10.9
2016-09-16 04:40:49,413440190,117.804,38.968,104,11.0
2016-09-16 04:41:10,413440190,117.805,38.967,105,11.0
2016-09-16 04:41:12,413440190,117.805,38.967,105,11.0
2016-09-16 04:41:30,413440190,117.806,38.967,104,10.9
2016-09-16 04:41:49,413440190,117.807,38.967,104,10.9
2016-09-16 04:42:10,413440190,117.809,38.967,104,10.9
2016-09-16 04:42:14,413440190,117.809,38.967,104,10.8
2016-09-16 04:42:49,413440190,117.811,38.966,104,10.8
2016-09-16 04:44:10,413440190,117.816,38.965,110,10.9
2016-09-16 04:44:14,413440190,117.816,38.965,110,10.8
2016-09-16 04:45:10,413440190,117.82,38.964,115,10.9
2016-09-16 04:45:13,413440190,117.82,38.964,115,10.8
2016-09-16 04:45:28,413440190,117.821,38.963,115,10.7
2016-09-16 04:45:49,413440190,117.822,38.963,113,10.7
2016-09-16 04:47:10,413440190,117.82700000000001,38.961,105,10.7
2016-09-16 04:47:28,413440190,117.82799999999999,38.961,104,10.8
2016-09-16 04:50:09,413440190,117.838,38.96,99,10.8
2016-09-16 04:50:11,413440190,117.838,38.96,99,10.8
2016-09-16 04:50:28,413440190,117.839,38.959,99,10.7
2016-09-16 04:50:49,413440190,117.84100000000001,38.959,99,10.7
2016-09-16 04:51:28,413440190,117.84299999999999,38.959,99,10.7
2016-09-16 04:54:50,413440190,117.85600000000001,38.957,101,11.0
2016-09-16 04:54:54,413440190,117.85600000000001,38.957,101,11.0
2016-09-16 05:16:02,413440190,117.936,38.945,109,10.3
2016-09-16 05:18:02,413440190,117.943,38.943000000000005,111,10.1
2016-09-16 05:20:18,413440190,117.95100000000001,38.941,105,10.2
2016-09-16 05:40:20,413440190,118.02,38.929,102,9.7
2016-09-16 05:43:05,413440190,118.029,38.928000000000004,101,9.8
2016-09-16 05:50:11,413440190,118.053,38.923,104,9.8
2016-09-16 05:56:18,413440190,118.074,38.919000000000004,108,9.8
2016-09-16 06:17:49,413440190,118.141,38.891999999999996,122,9.9
2016-09-16 06:23:24,413440190,118.156,38.883,127,10.1
2016-09-16 06:25:03,413440190,118.161,38.88,126,10.1
2016-09-16 06:28:18,413440190,118.17,38.874,127,10.1
2016-09-27 09:55:05,413440190,118.147,38.909,303,11.0
2016-09-27 09:54:52,413440190,118.147,38.909,303,11.1
2016-09-27 10:03:18,413440190,118.12,38.923,290,11.0
2016-09-27 10:07:31,413440190,118.104,38.927,285,11.2
2016-09-27 10:10:07,413440190,118.094,38.929,283,11.2
2016-09-27 10:27:58,413440190,118.025,38.94,282,11.2
2016-09-27 10:40:35,413440190,117.975,38.946,266,11.2
2016-09-27 11:03:52,413440190,117.885,38.959,282,11.2
2016-09-27 11:03:57,413440190,117.885,38.959,282,11.2
2016-09-27 11:04:52,413440190,117.881,38.959,282,11.3
2016-09-27 11:05:11,413440190,117.87899999999999,38.96,282,11.2
2016-09-27 11:05:52,413440190,117.87700000000001,38.96,282,11.2
2016-09-27 11:05:55,413440190,117.87700000000001,38.96,282,11.2
2016-09-27 11:06:11,413440190,117.875,38.96,283,11.2
2016-09-27 11:09:11,413440190,117.86399999999999,38.961999999999996,284,11.0
2016-09-27 11:09:15,413440190,117.86399999999999,38.961999999999996,284,11.0
2016-09-27 11:09:51,413440190,117.861,38.963,283,11.0
2016-09-27 11:10:12,413440190,117.86,38.963,283,11.0
2016-09-27 11:10:19,413440190,117.86,38.963,283,11.0
2016-09-27 11:13:12,413440190,117.848,38.965,281,11.2
2016-09-27 11:13:15,413440190,117.848,38.965,281,11.2
2016-09-27 11:13:52,413440190,117.846,38.965,281,11.2
2016-09-27 11:14:52,413440190,117.84200000000001,38.966,282,11.3
2016-09-27 11:17:33,413440190,117.831,38.967,271,11.2
2016-09-27 11:18:12,413440190,117.829,38.967,269,11.2
2016-09-27 11:18:52,413440190,117.82600000000001,38.967,270,11.3
2016-09-27 11:20:31,413440190,117.819,38.967,273,11.3
2016-09-27 11:20:52,413440190,117.818,38.967,275,11.3
2016-09-27 11:21:31,413440190,117.815,38.968,278,11.3
2016-09-27 11:22:12,413440190,117.81299999999999,38.968,278,11.3
2016-09-27 11:22:31,413440190,117.811,38.968,277,11.3
2016-09-27 11:22:52,413440190,117.81,38.968,279,11.3
2016-09-27 11:22:56,413440190,117.81,38.968,279,11.2
2016-09-27 11:23:12,413440190,117.809,38.968,280,11.3
2016-09-27 11:23:31,413440190,117.807,38.969,280,11.3
2016-09-27 11:23:52,413440190,117.806,38.969,279,11.3
2016-09-27 11:24:12,413440190,117.805,38.969,279,11.3
2016-09-27 11:24:31,413440190,117.803,38.969,279,11.3
2016-09-27 11:24:51,413440190,117.802,38.969,279,11.3
2016-09-27 11:25:31,413440190,117.79899999999999,38.97,280,11.4
2016-09-27 11:25:33,413440190,117.79899999999999,38.97,280,11.4
2016-09-27 11:26:31,413440190,117.795,38.97,277,11.3
2016-09-27 11:26:34,413440190,117.795,38.97,277,11.2
2016-09-27 11:26:51,413440190,117.794,38.97,277,11.1
2016-09-27 11:27:31,413440190,117.791,38.971,281,10.5
2016-09-27 11:27:51,413440190,117.79,38.971,282,10.4
2016-09-27 11:28:12,413440190,117.789,38.971,282,10.4
2016-09-27 11:28:31,413440190,117.788,38.971,282,9.9
2016-09-27 11:28:53,413440190,117.787,38.971,282,9.5
2016-09-27 11:29:12,413440190,117.786,38.971,282,9.2
2016-09-27 11:29:31,413440190,117.785,38.972,281,9.0
2016-09-27 11:29:34,413440190,117.785,38.972,281,9.0
2016-09-27 11:29:53,413440190,117.78299999999999,38.972,282,9.0
2016-09-27 11:30:12,413440190,117.78299999999999,38.972,282,9.0
2016-09-27 11:30:53,413440190,117.78,38.972,282,9.3
2016-09-27 11:32:12,413440190,117.779,38.973,282,9.3
2016-09-27 11:31:53,413440190,117.777,38.973,282,9.4
2016-09-27 11:33:12,413440190,117.773,38.974000000000004,282,9.4
2016-09-27 11:33:52,413440190,117.771,38.974000000000004,282,9.5
2016-09-27 11:34:52,413440190,117.76700000000001,38.975,280,8.9
2016-09-27 11:35:52,413440190,117.764,38.975,275,9.8
2016-09-27 11:35:55,413440190,117.764,38.975,275,9.8
2016-09-27 11:36:12,413440190,117.76299999999999,38.975,275,10.0
2016-09-27 11:36:52,413440190,117.76,38.975,280,10.3
2016-09-27 11:36:54,413440190,117.76,38.975,280,10.3
2016-09-27 11:37:12,413440190,117.759,38.975,280,9.9
2016-09-27 11:37:31,413440190,117.758,38.976,282,9.4
2016-09-27 11:37:52,413440190,117.757,38.976,286,8.5
2016-09-27 11:38:12,413440190,117.756,38.976,291,7.2
2016-09-27 11:38:20,413440190,117.756,38.976,291,7.2
2016-09-27 11:38:31,413440190,117.756,38.976,292,6.5
2016-09-27 11:38:52,413440190,117.755,38.976,290,6.4
2016-09-27 11:39:12,413440190,117.75399999999999,38.977,291,6.5
2016-09-27 11:39:52,413440190,117.75299999999999,38.977,295,7.0
2016-09-27 11:40:12,413440190,117.75200000000001,38.977,295,7.1
2016-09-27 11:40:31,413440190,117.751,38.978,297,7.2
2016-09-27 11:40:52,413440190,117.75,38.978,298,7.3
2016-09-27 11:41:12,413440190,117.75,38.978,298,7.3
2016-09-27 11:41:31,413440190,117.749,38.979,298,6.9
2016-09-27 11:41:52,413440190,117.74799999999999,38.979,296,6.5
2016-09-27 11:42:12,413440190,117.74700000000001,38.979,295,6.3
2016-09-27 11:42:31,413440190,117.74700000000001,38.979,295,6.1
2016-09-27 11:42:52,413440190,117.74600000000001,38.98,295,6.0
2016-09-27 11:43:12,413440190,117.74600000000001,38.98,295,5.9
2016-09-27 11:43:15,413440190,117.74600000000001,38.98,295,5.8
2016-09-27 11:43:31,413440190,117.745,38.98,295,5.9
2016-09-27 11:44:12,413440190,117.744,38.98,295,5.8
2016-09-27 11:44:14,413440190,117.744,38.98,295,5.8
2016-09-27 11:44:32,413440190,117.743,38.981,295,5.5
2016-09-27 11:44:52,413440190,117.742,38.981,295,4.9
2016-09-27 11:45:12,413440190,117.742,38.981,295,4.8
2016-09-27 11:45:16,413440190,117.742,38.981,295,4.7
2016-09-27 11:45:52,413440190,117.741,38.981,295,5.0
2016-09-27 11:46:12,413440190,117.74,38.982,294,5.2
2016-09-27 11:46:32,413440190,117.74,38.982,293,5.3
2016-09-27 11:47:12,413440190,117.73899999999999,38.982,299,5.9
2016-09-27 11:47:32,413440190,117.738,38.983000000000004,299,6.2
2016-09-27 11:47:52,413440190,117.73700000000001,38.983000000000004,300,6.2
2016-09-27 11:48:00,413440190,117.738,38.983000000000004,299,6.2
2016-09-27 11:48:12,413440190,117.73700000000001,38.983000000000004,301,5.8
2016-09-27 11:48:52,413440190,117.735,38.984,309,5.1
2016-09-27 11:49:12,413440190,117.735,38.984,309,4.9
2016-09-27 11:49:17,413440190,117.735,38.984,309,4.9
2016-09-27 11:49:32,413440190,117.734,38.984,306,5.1
2016-09-27 11:50:11,413440190,117.734,38.985,308,5.3
2016-09-27 11:50:32,413440190,117.73299999999999,38.985,310,5.3
2016-09-27 11:50:36,413440190,117.73299999999999,38.985,310,5.3
2016-09-27 11:50:51,413440190,117.73299999999999,38.985,311,5.2
2016-09-27 11:51:11,413440190,117.73200000000001,38.986,310,4.9
2016-09-27 11:51:32,413440190,117.73200000000001,38.986,306,4.6
2016-09-27 11:51:37,413440190,117.73200000000001,38.986,306,4.5
2016-09-27 11:51:51,413440190,117.73100000000001,38.986,298,4.3
2016-09-27 11:52:11,413440190,117.73100000000001,38.986,289,4.0
2016-09-27 11:52:32,413440190,117.73,38.986,274,3.7
2016-09-27 11:52:36,413440190,117.73,38.986,274,3.6
2016-09-27 11:52:51,413440190,117.73,38.986,259,3.5
2016-09-27 11:53:11,413440190,117.73,38.986,256,3.5
2016-09-27 11:53:32,413440190,117.729,38.986,247,3.0
2016-09-27 11:53:51,413440190,117.729,38.986,237,3.1
2016-09-27 11:54:11,413440190,117.729,38.986,233,3.6
2016-09-27 11:54:32,413440190,117.728,38.986,230,3.7
2016-09-27 11:54:51,413440190,117.728,38.986,226,3.9
2016-09-27 11:55:11,413440190,117.727,38.985,223,3.9
2016-09-27 11:55:52,413440190,117.727,38.985,218,2.6
2016-09-27 11:56:11,413440190,117.727,38.985,216,2.1
2016-09-27 11:56:32,413440190,117.727,38.985,207,1.2
2016-09-27 11:56:52,413440190,117.727,38.985,193,0.6
2016-09-27 11:57:12,413440190,117.727,38.985,174,0.5
2016-09-27 11:57:52,413440190,117.727,38.985,130,0.9
2016-09-27 11:58:52,413440190,117.727,38.985,123,1.1
2016-09-27 11:59:12,413440190,117.727,38.985,123,1.2
2016-09-27 11:59:32,413440190,117.727,38.985,120,1.3
2016-09-27 11:59:52,413440190,117.727,38.984,120,1.5
2016-09-27 11:59:56,413440190,117.727,38.984,120,1.5
2016-09-27 12:00:12,413440190,117.728,38.984,126,1.6
2016-09-27 12:00:32,413440190,117.728,38.984,139,1.6
2016-09-27 12:00:52,413440190,117.728,38.984,158,1.5
2016-09-27 12:01:12,413440190,117.728,38.984,171,1.0
2016-09-27 12:01:52,413440190,117.728,38.984,191,1.4
2016-09-27 12:02:12,413440190,117.728,38.984,201,1.3
2016-09-27 12:02:31,413440190,117.728,38.983000000000004,200,1.1
2016-09-27 12:02:52,413440190,117.728,38.983000000000004,197,1.1
2016-09-27 12:03:12,413440190,117.728,38.983000000000004,197,1.2
2016-09-27 12:03:31,413440190,117.728,38.983000000000004,199,1.0
2016-09-27 12:03:52,413440190,117.728,38.983000000000004,201,1.1
2016-09-27 12:04:13,413440190,117.728,38.983000000000004,204,0.8
2016-09-27 12:04:31,413440190,117.728,38.983000000000004,213,1.1
2016-09-27 12:04:52,413440190,117.728,38.983000000000004,226,1.2
2016-09-27 12:05:13,413440190,117.727,38.983000000000004,229,1.2
2016-09-27 12:05:21,413440190,117.727,38.983000000000004,230,1.1
2016-09-27 12:05:31,413440190,117.727,38.983000000000004,225,1.1
2016-09-27 12:05:36,413440190,117.727,38.983000000000004,225,1.1
2016-09-27 12:05:52,413440190,117.727,38.982,221,1.1
2016-09-27 12:06:13,413440190,117.727,38.982,218,1.0
2016-09-27 12:06:31,413440190,117.727,38.982,218,1.0
2016-09-27 12:06:52,413440190,117.727,38.982,216,0.6
2016-09-27 12:07:13,413440190,117.727,38.982,212,0.4
2016-09-27 12:07:31,413440190,117.727,38.982,210,0.4
2016-09-27 12:07:36,413440190,117.727,38.982,210,0.4
2016-09-27 12:07:52,413440190,117.727,38.982,209,0.3
2016-09-27 12:08:12,413440190,117.727,38.982,210,0.1
2016-09-27 12:08:31,413440190,117.727,38.982,211,0.2
2016-09-27 12:08:52,413440190,117.727,38.982,210,0.2
2016-09-27 12:09:12,413440190,117.727,38.982,210,0.1
2016-09-27 12:09:31,413440190,117.727,38.982,209,0.1
2016-09-27 12:09:52,413440190,117.727,38.982,208,0.1
2016-09-27 12:10:12,413440190,117.727,38.982,207,0.1
2016-09-27 12:10:31,413440190,117.727,38.982,205,0.2
2016-09-27 12:10:52,413440190,117.727,38.982,204,0.2
2016-09-27 12:11:12,413440190,117.728,38.982,203,0.1
2016-09-27 12:11:31,413440190,117.728,38.982,202,0.1
2016-09-27 12:11:52,413440190,117.727,38.982,204,0.2
2016-09-27 12:12:12,413440190,117.728,38.982,205,0.1
2016-09-27 12:12:31,413440190,117.728,38.982,204,0.1
2016-09-27 12:13:31,413440190,117.728,38.982,201,0.1
2016-09-27 12:13:52,413440190,117.727,38.982,200,0.1
2016-09-27 12:14:11,413440190,117.727,38.982,200,0.2
2016-09-27 16:26:55,413440190,117.727,38.982,204,0.1
2016-09-28 01:25:59,413440190,117.727,38.982,205,0.1
2016-09-28 01:27:00,413440190,117.727,38.982,204,0.1
2016-09-28 01:27:19,413440190,117.727,38.982,203,0.2
2016-09-28 01:27:39,413440190,117.727,38.982,204,0.2
2016-09-28 01:28:00,413440190,117.727,38.982,207,0.4
2016-09-28 01:28:04,413440190,117.727,38.982,207,0.4
2016-09-28 01:28:19,413440190,117.727,38.982,213,0.5
2016-09-28 01:28:39,413440190,117.727,38.982,218,0.5
2016-09-28 01:28:59,413440190,117.727,38.982,222,0.4
2016-09-28 01:29:00,413440190,117.727,38.982,226,0.5
2016-09-28 01:29:03,413440190,117.727,38.982,226,0.4
2016-09-28 01:29:39,413440190,117.727,38.982,234,0.4
2016-09-28 01:30:00,413440190,117.727,38.982,240,0.5
2016-09-28 01:30:04,413440190,117.727,38.982,240,0.4
2016-09-28 01:30:39,413440190,117.727,38.982,250,0.5
2016-09-28 01:31:00,413440190,117.727,38.983000000000004,256,0.4
2016-09-28 01:31:04,413440190,117.727,38.983000000000004,256,0.4
2016-09-28 01:31:19,413440190,117.727,38.983000000000004,260,0.5
2016-09-28 01:31:39,413440190,117.727,38.983000000000004,268,0.7
2016-09-28 01:31:45,413440190,117.727,38.983000000000004,264,0.6
2016-09-28 01:32:00,413440190,117.727,38.983000000000004,280,0.8
2016-09-28 01:32:39,413440190,117.727,38.983000000000004,296,0.6
2016-09-28 01:33:00,413440190,117.727,38.983000000000004,302,0.7
2016-09-28 01:33:19,413440190,117.727,38.983000000000004,311,0.8
2016-09-28 01:33:39,413440190,117.728,38.983000000000004,323,0.9
2016-09-28 01:33:46,413440190,117.727,38.983000000000004,317,0.9
2016-09-28 01:33:57,413440190,117.728,38.983000000000004,330,0.9
2016-09-28 01:34:00,413440190,117.728,38.983000000000004,336,1.1
2016-09-28 01:34:19,413440190,117.728,38.983000000000004,346,1.0
2016-09-28 01:34:39,413440190,117.728,38.983000000000004,355,0.8
2016-09-28 01:35:00,413440190,117.728,38.983000000000004,2,0.6
2016-09-28 01:35:19,413440190,117.728,38.983000000000004,7,0.5
2016-09-28 01:35:21,413440190,117.728,38.983000000000004,7,0.4
2016-09-28 01:36:00,413440190,117.728,38.983000000000004,19,0.5
2016-09-28 01:36:19,413440190,117.728,38.983000000000004,22,0.4
2016-09-28 01:36:24,413440190,117.728,38.983000000000004,22,0.4
2016-09-28 01:36:39,413440190,117.728,38.983000000000004,22,0.2
2016-09-28 01:37:19,413440190,117.728,38.983000000000004,24,0.1
2016-09-28 01:37:39,413440190,117.728,38.983000000000004,24,0.1
2016-09-28 01:38:00,413440190,117.728,38.983000000000004,23,0.1
2016-09-28 01:38:20,413440190,117.728,38.983000000000004,22,0.1
2016-09-28 01:38:39,413440190,117.728,38.983000000000004,22,0.1
2016-09-28 01:39:00,413440190,117.728,38.983000000000004,24,0.1
2016-09-28 01:39:20,413440190,117.728,38.983000000000004,23,0.1
2016-09-28 01:39:39,413440190,117.728,38.983000000000004,22,0.1
2016-09-28 01:40:00,413440190,117.728,38.983000000000004,22,0.1
2016-09-28 01:40:20,413440190,117.728,38.983000000000004,23,0.1
2016-09-28 01:40:39,413440190,117.728,38.983000000000004,24,0.1
2016-09-28 01:42:00,413440190,117.728,38.983000000000004,22,0.2
2016-09-28 01:42:20,413440190,117.728,38.983000000000004,24,0.3
2016-09-28 01:43:00,413440190,117.728,38.983000000000004,23,0.1
2016-09-28 01:42:39,413440190,117.728,38.983000000000004,23,0.1
2016-09-28 01:43:20,413440190,117.728,38.983000000000004,24,0.1
2016-09-28 08:32:00,413440190,117.728,38.983000000000004,23,0.1
2016-09-28 08:32:19,413440190,117.728,38.983000000000004,23,0.1
2016-09-28 08:33:40,413440190,117.728,38.983000000000004,21,0.4
2016-09-28 08:34:00,413440190,117.728,38.983000000000004,18,0.5
2016-09-28 08:34:19,413440190,117.728,38.983000000000004,16,0.8
2016-09-28 08:34:40,413440190,117.728,38.983000000000004,16,0.8
2016-09-28 08:35:00,413440190,117.728,38.983000000000004,18,0.8
2016-09-28 08:35:40,413440190,117.728,38.984,18,1.3
2016-09-28 08:35:43,413440190,117.728,38.984,18,1.3
2016-09-28 08:36:00,413440190,117.728,38.984,23,1.9
2016-09-28 08:36:19,413440190,117.729,38.984,24,2.6
2016-09-28 08:36:40,413440190,117.729,38.984,25,3.4
2016-09-28 08:36:43,413440190,117.729,38.984,25,3.3
2016-09-28 08:37:00,413440190,117.729,38.985,24,3.9
2016-09-28 08:37:19,413440190,117.729,38.985,25,4.0
2016-09-28 08:38:00,413440190,117.73,38.986,39,3.8
2016-09-28 08:38:02,413440190,117.73,38.986,39,3.8
2016-09-28 08:38:20,413440190,117.73,38.986,55,3.7
2016-09-28 08:38:40,413440190,117.73,38.986,74,3.2
2016-09-28 08:39:00,413440190,117.73100000000001,38.986,88,3.1
2016-09-28 08:39:20,413440190,117.73100000000001,38.986,98,3.2
2016-09-28 08:39:40,413440190,117.73100000000001,38.986,105,3.5
2016-09-28 08:40:00,413440190,117.73200000000001,38.986,104,4.2
2016-09-28 08:40:40,413440190,117.73299999999999,38.985,110,5.8
2016-09-28 08:41:20,413440190,117.735,38.985,114,7.0
2016-09-28 08:41:40,413440190,117.735,38.985,114,7.2
2016-09-28 08:42:00,413440190,117.736,38.984,117,7.3
2016-09-28 08:42:07,413440190,117.736,38.984,115,7.2
2016-09-28 08:42:38,413440190,117.73700000000001,38.984,120,7.4
2016-09-28 08:42:40,413440190,117.738,38.984,119,7.4
2016-09-28 08:43:00,413440190,117.738,38.983000000000004,120,7.5
2016-09-28 08:43:20,413440190,117.73899999999999,38.983000000000004,119,7.5
2016-09-28 08:43:40,413440190,117.74,38.983000000000004,120,7.5
2016-09-28 08:44:00,413440190,117.741,38.982,118,7.6
2016-09-28 08:44:03,413440190,117.741,38.982,118,7.6
2016-09-28 08:44:20,413440190,117.742,38.982,115,7.7
2016-09-28 08:44:40,413440190,117.742,38.982,114,7.8
2016-09-28 08:45:01,413440190,117.743,38.981,114,7.8
2016-09-28 08:45:20,413440190,117.744,38.981,115,7.9
2016-09-28 08:45:24,413440190,117.744,38.981,115,7.8
2016-09-28 08:45:40,413440190,117.745,38.981,113,7.8
2016-09-28 08:46:00,413440190,117.74600000000001,38.98,111,7.6
2016-09-28 08:46:19,413440190,117.74700000000001,38.98,111,7.4
2016-09-28 08:47:00,413440190,117.74799999999999,38.979,112,7.2
2016-09-28 08:47:19,413440190,117.749,38.979,112,7.2
2016-09-28 08:47:40,413440190,117.75,38.979,114,7.2
2016-09-28 08:48:00,413440190,117.75,38.979,114,7.1
2016-09-28 08:48:05,413440190,117.75,38.979,114,7.1
2016-09-28 08:48:19,413440190,117.751,38.978,115,7.1
2016-09-28 08:48:40,413440190,117.75200000000001,38.978,115,7.2
2016-09-28 08:49:00,413440190,117.75299999999999,38.978,115,7.3
2016-09-28 08:49:19,413440190,117.75399999999999,38.977,115,7.4
2016-09-28 08:49:40,413440190,117.75399999999999,38.977,115,7.4
2016-09-28 08:50:00,413440190,117.755,38.977,111,7.3
2016-09-28 08:50:04,413440190,117.755,38.977,111,7.2
2016-09-28 08:50:19,413440190,117.756,38.977,109,7.3
2016-09-28 08:51:00,413440190,117.758,38.976,105,7.7
2016-09-28 08:51:04,413440190,117.758,38.976,105,7.6
2016-09-28 08:51:19,413440190,117.759,38.976,105,8.1
2016-09-28 08:51:40,413440190,117.76,38.976,101,8.3
2016-09-28 08:52:40,413440190,117.76299999999999,38.975,95,9.1
2016-09-28 08:52:43,413440190,117.76299999999999,38.975,95,9.0
2016-09-28 08:53:19,413440190,117.765,38.975,102,9.7
2016-09-28 08:53:40,413440190,117.766,38.975,104,9.9
2016-09-28 08:54:19,413440190,117.76799999999999,38.974000000000004,104,10.5
2016-09-28 08:54:40,413440190,117.77,38.974000000000004,104,10.7
2016-09-28 08:55:00,413440190,117.771,38.974000000000004,105,10.9
2016-09-28 08:55:21,413440190,117.772,38.973,105,11.0
2016-09-28 08:55:40,413440190,117.773,38.973,104,11.1
2016-09-28 08:56:00,413440190,117.775,38.973,104,11.1
2016-09-28 08:56:21,413440190,117.77600000000001,38.973,104,11.2
2016-09-28 08:57:21,413440190,117.78,38.972,101,11.2
2016-09-28 08:57:24,413440190,117.78,38.972,101,11.2
2016-09-28 08:57:40,413440190,117.781,38.972,100,11.3
2016-09-28 08:58:00,413440190,117.78200000000001,38.971,98,11.3
2016-09-28 08:58:40,413440190,117.785,38.971,95,11.3
2016-09-28 08:58:43,413440190,117.785,38.971,95,11.2
2016-09-28 08:59:00,413440190,117.786,38.971,94,11.3
2016-09-28 08:59:21,413440190,117.788,38.971,94,11.3
2016-09-28 08:59:40,413440190,117.789,38.971,97,11.3
2016-09-28 09:00:00,413440190,117.79,38.971,99,11.3
2016-09-28 09:01:00,413440190,117.794,38.97,107,8.9
2016-09-28 09:01:21,413440190,117.795,38.97,115,7.0
2016-09-28 09:02:00,413440190,117.796,38.97,110,5.0
2016-09-28 09:03:00,413440190,117.79799999999999,38.969,88,3.9
2016-09-28 09:03:21,413440190,117.79799999999999,38.969,94,4.4
2016-09-28 09:04:00,413440190,117.79899999999999,38.969,95,4.5
2016-09-28 09:04:21,413440190,117.8,38.969,101,4.4
2016-09-28 09:05:21,413440190,117.801,38.969,113,4.1
2016-09-28 09:05:24,413440190,117.801,38.969,113,4.0
2016-09-28 09:05:39,413440190,117.802,38.969,113,3.9
2016-09-28 09:06:21,413440190,117.803,38.968,109,3.7
2016-09-28 09:06:24,413440190,117.803,38.968,109,3.6
2016-09-28 09:07:20,413440190,117.804,38.968,110,3.6
2016-09-28 09:08:00,413440190,117.805,38.968,109,4.2
2016-09-28 09:08:03,413440190,117.805,38.968,109,4.2
2016-09-28 09:08:21,413440190,117.805,38.968,110,4.5
2016-09-28 09:09:00,413440190,117.806,38.967,110,5.0
2016-09-28 09:09:40,413440190,117.807,38.967,109,5.7
2016-09-28 09:09:42,413440190,117.807,38.967,109,5.6
2016-09-28 09:10:00,413440190,117.80799999999999,38.967,110,5.9
2016-09-28 09:11:20,413440190,117.811,38.966,110,7.0
2016-09-28 09:11:59,413440190,117.81299999999999,38.965,109,7.8
2016-09-28 09:12:20,413440190,117.814,38.965,110,8.5
2016-09-28 09:12:26,413440190,117.814,38.965,110,8.5
2016-09-28 09:13:39,413440190,117.818,38.964,105,9.7
2016-09-28 09:14:39,413440190,117.821,38.963,114,10.1
2016-09-28 09:17:20,413440190,117.831,38.961,100,11.4
2016-09-28 09:18:06,413440190,117.833,38.96,101,11.6
2016-09-28 09:22:00,413440190,117.85,38.958,100,11.8
2016-09-28 09:23:45,413440190,117.85600000000001,38.957,100,11.4
2016-09-28 09:25:24,413440190,117.863,38.955999999999996,101,11.4
2016-09-28 09:28:40,413440190,117.876,38.954,100,11.6
2016-09-28 09:31:03,413440190,117.88600000000001,38.952,100,11.6
2016-09-28 09:36:33,413440190,117.90799999999999,38.949,98,11.7
2016-09-28 09:48:56,413440190,117.958,38.939,115,11.7
2016-09-28 09:51:06,413440190,117.96700000000001,38.936,114,11.7
2016-09-28 09:57:11,413440190,117.98899999999999,38.927,108,11.7
2016-09-28 10:07:14,413440190,118.029,38.918,80,11.6
2016-09-28 10:12:07,413440190,118.05,38.917,100,11.9
2016-09-28 10:17:40,413440190,118.073,38.911,95,11.9
2016-09-28 10:20:54,413440190,118.086,38.91,95,11.9
2016-09-28 10:26:56,413440190,118.11,38.904,120,11.9
2016-09-28 10:27:40,413440190,118.113,38.902,120,11.9
2016-09-28 10:34:47,413440190,118.14,38.891999999999996,114,11.9
2016-09-28 10:41:19,413440190,118.166,38.881,121,12.0
